Voucher code,Seat,Product,Maximum usages
FirstFloor-G-1,FirstFloor-G-1,Regular ticket,1
FirstFloor-G-2,FirstFloor-G-2,Regular ticket,1
FirstFloor-G-3,FirstFloor-G-3,Regular ticket,1
FirstFloor-G-4,FirstFloor-G-4,Regular ticket,1
FirstFloor-G-5,FirstFloor-G-5,Regular ticket,1
FirstFloor-G-6,FirstFloor-G-6,Regular ticket,1
FirstFloor-G-7,FirstFloor-G-7,Regular ticket,1
FirstFloor-G-8,FirstFloor-G-8,Regular ticket,1
FirstFloor-G-9,FirstFloor-G-9,Regular ticket,1
FirstFloor-G-10,FirstFloor-G-10,Regular ticket,1
FirstFloor-G-11,FirstFloor-G-11,Regular ticket,1
FirstFloor-G-12,FirstFloor-G-12,Regular ticket,1
FirstFloor-G-13,FirstFloor-G-13,Regular ticket,1
FirstFloor-G-14,FirstFloor-G-14,Regular ticket,1
FirstFloor-G-15,FirstFloor-G-15,Regular ticket,1
FirstFloor-G-16,FirstFloor-G-16,Regular ticket,1
FirstFloor-G-17,FirstFloor-G-17,Regular ticket,1
FirstFloor-G-18,FirstFloor-G-18,Regular ticket,1
FirstFloor-H-1,FirstFloor-H-1,Regular ticket,1
FirstFloor-H-2,FirstFloor-H-2,Regular ticket,1
FirstFloor-H-3,FirstFloor-H-3,Regular ticket,1
FirstFloor-H-4,FirstFloor-H-4,Regular ticket,1
FirstFloor-H-5,FirstFloor-H-5,Regular ticket,1
FirstFloor-H-6,FirstFloor-H-6,Regular ticket,1
FirstFloor-H-7,FirstFloor-H-7,Regular ticket,1
FirstFloor-H-8,FirstFloor-H-8,Regular ticket,1
FirstFloor-H-9,FirstFloor-H-9,Regular ticket,1
FirstFloor-H-10,FirstFloor-H-10,Regular ticket,1
FirstFloor-H-11,FirstFloor-H-11,Regular ticket,1
FirstFloor-H-12,FirstFloor-H-12,Regular ticket,1
FirstFloor-H-13,FirstFloor-H-13,Regular ticket,1
FirstFloor-H-14,FirstFloor-H-14,Regular ticket,1
FirstFloor-H-15,FirstFloor-H-15,Regular ticket,1
FirstFloor-H-16,FirstFloor-H-16,Regular ticket,1
FirstFloor-H-17,FirstFloor-H-17,Regular ticket,1
FirstFloor-H-18,FirstFloor-H-18,Regular ticket,1
FirstFloor-I-1,FirstFloor-I-1,Regular ticket,1
FirstFloor-I-2,FirstFloor-I-2,Regular ticket,1
FirstFloor-J-1,FirstFloor-J-1,Regular ticket,1
FirstFloor-J-2,FirstFloor-J-2,Regular ticket,1
FirstFloor-K-1,FirstFloor-K-1,Regular ticket,1
FirstFloor-K-2,FirstFloor-K-2,Regular ticket,1
FirstFloor-L-1,FirstFloor-L-1,Regular ticket,1
FirstFloor-L-2,FirstFloor-L-2,Regular ticket,1
FirstFloor-I-3,FirstFloor-I-3,Regular ticket,1
FirstFloor-I-4,FirstFloor-I-4,Regular ticket,1
FirstFloor-J-3,FirstFloor-J-3,Regular ticket,1
FirstFloor-J-4,FirstFloor-J-4,Regular ticket,1
FirstFloor-K-3,FirstFloor-K-3,Regular ticket,1
FirstFloor-K-4,FirstFloor-K-4,Regular ticket,1
FirstFloor-L-3,FirstFloor-L-3,Regular ticket,1
FirstFloor-L-4,FirstFloor-L-4,Regular ticket,1
Gallery-A-1,Gallery-A-1,Regular ticket,1
Gallery-A-2,Gallery-A-2,Regular ticket,1
Gallery-A-3,Gallery-A-3,Regular ticket,1
Gallery-A-4,Gallery-A-4,Regular ticket,1
Gallery-A-5,Gallery-A-5,Regular ticket,1
Gallery-A-6,Gallery-A-6,Regular ticket,1
Gallery-A-7,Gallery-A-7,Regular ticket,1
Gallery-A-8,Gallery-A-8,Regular ticket,1
Gallery-A-9,Gallery-A-9,Regular ticket,1
Gallery-A-10,Gallery-A-10,Regular ticket,1
Gallery-A-11,Gallery-A-11,Regular ticket,1
Gallery-A-12,Gallery-A-12,Regular ticket,1
Gallery-A-13,Gallery-A-13,Regular ticket,1
Gallery-B-1,Gallery-B-1,Regular ticket,1
Gallery-B-2,Gallery-B-2,Regular ticket,1
Gallery-B-3,Gallery-B-3,Regular ticket,1
Gallery-B-4,Gallery-B-4,Regular ticket,1
Gallery-B-5,Gallery-B-5,Regular ticket,1
Gallery-B-6,Gallery-B-6,Regular ticket,1
Gallery-B-7,Gallery-B-7,Regular ticket,1
Gallery-B-8,Gallery-B-8,Regular ticket,1
Gallery-B-9,Gallery-B-9,Regular ticket,1
Gallery-B-10,Gallery-B-10,Regular ticket,1
Gallery-B-11,Gallery-B-11,Regular ticket,1
Gallery-B-12,Gallery-B-12,Regular ticket,1
Gallery-B-13,Gallery-B-13,Regular ticket,1
Gallery-C-1,Gallery-C-1,Regular ticket,1
Gallery-C-2,Gallery-C-2,Regular ticket,1
Gallery-C-3,Gallery-C-3,Regular ticket,1
Gallery-C-4,Gallery-C-4,Regular ticket,1
Gallery-C-5,Gallery-C-5,Regular ticket,1
Gallery-C-6,Gallery-C-6,Regular ticket,1
Gallery-C-7,Gallery-C-7,Regular ticket,1
Gallery-C-8,Gallery-C-8,Regular ticket,1
Gallery-C-9,Gallery-C-9,Regular ticket,1
Gallery-C-10,Gallery-C-10,Regular ticket,1
Gallery-C-11,Gallery-C-11,Regular ticket,1
Gallery-C-12,Gallery-C-12,Regular ticket,1
Gallery-C-13,Gallery-C-13,Regular ticket,1
Gallery-D-1,Gallery-D-1,Regular ticket,1
Gallery-D-2,Gallery-D-2,Regular ticket,1
Gallery-D-3,Gallery-D-3,Regular ticket,1
Gallery-D-4,Gallery-D-4,Regular ticket,1
Gallery-D-5,Gallery-D-5,Regular ticket,1
Gallery-D-6,Gallery-D-6,Regular ticket,1
Gallery-D-7,Gallery-D-7,Regular ticket,1
Gallery-D-8,Gallery-D-8,Regular ticket,1
Gallery-D-9,Gallery-D-9,Regular ticket,1
Gallery-D-10,Gallery-D-10,Regular ticket,1
Gallery-D-11,Gallery-D-11,Regular ticket,1
Gallery-D-12,Gallery-D-12,Regular ticket,1
Gallery-D-13,Gallery-D-13,Regular ticket,1
Gallery-E-1,Gallery-E-1,Regular ticket,1
Gallery-E-2,Gallery-E-2,Regular ticket,1
Gallery-E-3,Gallery-E-3,Regular ticket,1
Gallery-E-4,Gallery-E-4,Regular ticket,1
Gallery-E-5,Gallery-E-5,Regular ticket,1
Gallery-E-6,Gallery-E-6,Regular ticket,1
Gallery-E-7,Gallery-E-7,Regular ticket,1
Gallery-E-8,Gallery-E-8,Regular ticket,1
Gallery-E-9,Gallery-E-9,Regular ticket,1
Gallery-E-10,Gallery-E-10,Regular ticket,1
Gallery-E-11,Gallery-E-11,Regular ticket,1
Gallery-E-12,Gallery-E-12,Regular ticket,1
Gallery-E-13,Gallery-E-13,Regular ticket,1
Gallery-F-1,Gallery-F-1,Regular ticket,1
Gallery-F-2,Gallery-F-2,Regular ticket,1
Gallery-F-3,Gallery-F-3,Regular ticket,1
Gallery-F-4,Gallery-F-4,Regular ticket,1
Gallery-F-5,Gallery-F-5,Regular ticket,1
Gallery-F-6,Gallery-F-6,Regular ticket,1
Gallery-F-7,Gallery-F-7,Regular ticket,1
Gallery-F-8,Gallery-F-8,Regular ticket,1
Gallery-F-9,Gallery-F-9,Regular ticket,1
Gallery-F-10,Gallery-F-10,Regular ticket,1
Gallery-F-11,Gallery-F-11,Regular ticket,1
Gallery-F-12,Gallery-F-12,Regular ticket,1
Gallery-F-13,Gallery-F-13,Regular ticket,1
